 I saw you in green velvet. wide full sleeves seated in front of a fireplace. our house made somehow more gracious. and you said "There are stars in your hair"— it was truth I brought down with me,non-suicidal
 The grace of my style. I’m a woman Phenomenally. Phenomenal woman. That’s me.,non-suicidal
 woman in Pakistan. Happy prints of an invisible time are illumined. My mouth agape rejects the solid air and,non-suicidal
 through the padding of the door. I cannot scream. A bone of fear clogs my throat. It is upon me. It is sunrise. with Hope,non-suicidal
 its arrogant rider. My mind. formerly quiescent in its snug encasement. is strained to look upon their rapturous visages. to let them enter even into me.,non-suicidal
 I am forced outside myself to mount the light and ride joined with Hope. Through all the bright hours I cling to expectation. until,non-suicidal
 darkness comes to reclaim me as its own. Hope fades. day is gone into its irredeemable place and I am thrown back into the familiar bonds of disconsolation.,non-suicidal
 Gloom crawls around lapping lasciviously between my toes. at my ankles. and it sucks the strands of my hair. It forgives my heady,non-suicidal
 fling with Hope. I am joined again into its greedy arms.,non-suicidal
 Why are you beset with gloom? ’Cause I walk like I've got oil wells Pumping in my living room. Just like moons and like suns. With the certainty of tides.,non-suicidal
 Just like hopes springing high. Still I'll rise. Did you want to see me broken? Bowed head and lowered eyes? Shoulders falling down like teardrops.,non-suicidal
 Weakened by my soulful cries? Does my haughtiness offend you? Don't you take it awful hard ’Cause I laugh like I've got gold mines Diggin’ in my own backyard.,non-suicidal
 I rise I rise I rise.,non-suicidal
 The supper bell was ringing as Neil strode- - A bucket of warm milk in either hand; The cat and her five kittens at her heels- - Down through the yellow tansy in the lane Where Tod and I were washing in the trough-- -,non-suicidal
 We'd laid the pipe last summer from the hills - - And said. his weather eye cocked toward the south. "We're in for rain by morning. The wind has changed. So we'll be finishing the hay tonight." Tod lifted his black curly head. from which,non-suicidal
 I looked away. What could a fellow do? And Nancy'd promised she would go with me . . . Neil turned and went on slowly to the house. His shirt was stained across the back with sweat; He looked dog-tired. We all were. We'd been up,non-suicidal
 But Tod was mad - - you couldn't blame him much - - "Don't be a fool!" he snapped. "Neil thinks because We're kids that he can run us." Then Maurine - - Neil's wife: she's kind of little-like and thin From over-work and worry. but sure good,non-suicidal
 To Tod and me - - we'd lived with her and Neil Since Dad and Mother died - -Maurine then called. "Your suppers's hot and waiting. Come and get it. boys." So when we'd wiped upon the roller-towel Beside the kitchen door. we dragged our chairs,non-suicidal
 Hot biscuits get blue ribbons at the Fair - - And no one talked. till. belts let out a notch. Our chairs tipped back against the wall. Neil said. As he lit his pipe. "What about it. kids?" Maurine's brown eyes were pleading. go with him - -,non-suicidal
 As any alder tree. She dances too Like willows swaying in April wind - - But Nancy Saunders comes of farmer stock: "Next week. then. Karl." she said. "when haying's done." Neil had the big greys hitched up to the rick,non-suicidal
 When we ran to the barn. So Tod and I Climbed in the back and sat with dangling heels As Prince and Nelly ambled down the lane Between the daisies and the Bouncing Bet. It was a different world from afternoon.,non-suicidal
 The air as yellow-cool as buttercups. The sun had set; the sky. no longer fiery-blue. Was fleeced with lamb's wool clouds. and these Were finged with wild rose pink. I looked at Tod And Neil. and wondered if they noticed too.,non-suicidal
 I couldn't see Neil's features. but his back Looked rested-like. Tod sort of sighed. and chewed A clover stalk . . . and when a t last we slide The creaking gate bars out. and rattled in The west-end meadow - - the sightliest spot,non-suicidal
 In all Glenacres any time of day - - It was so beautiful now in the dusk That something caught me in the throat Like Christmas carols on the radio . . . Long purple shadows from the fir trees lay,non-suicidal
 Across the cocks stubble. It was so still That we could hear the falls of Cedar Creek . . . A wood thrush in the hazel bushes piped One sweet high note; an owl called to his mate; White foxgloves glowed like candles by the fence.,non-suicidal
 In place of choking dust. there now was dew. As Tod and I forked up the hay to Neil. Who stacked as fast as two of us could pitch. The fragrance made me think of Nancy's hair . . . With every load. the magic grew. A star,non-suicidal
 Rose in the west . . . We worked with scarce a word. Oh. it was like our church with hymns and prayers On Sunday when the riding parson comes. Then as we took the last road in. the moon Came up behind the hill. and Tod and Neil,non-suicidal
 And I. the horses and the meadows. all Were silvered with its light. and suddenly I was as far away from Tod. as if I swam across a lake and left him. My own brother. on the farther shore.,non-suicidal
 My heart cried out. but there was no reply . . . Between a field and hayloft. I grew up . . . Toward morning I half-awakened to a sound Of raindrops pelting on the attic roof.,non-suicidal
 There will be snow. Winds know. Zinnias know And I - Why must there be for me,non-suicidal
 Only the way back. Or on? There is this quiet day. This yellow tree...,non-suicidal
 I walk to the corner And I walk back,non-suicidal
 To give to you virginity untouched? Or. maybe. you don’t want to be the endless. Because you charmed by you yourself too much? For mother’s eyes. you’re always the reflection. Of springy days. left very far behind.,non-suicidal
 And. in old age. you’ll find the consolation. In your youth’s windows of the same blessed kind. But having circled your life just by your fortune. Will die you self. your image and your virtue.,non-suicidal
 My dear waster. you unwisely spend Your charming legacy in your self-liking madness. Nature doesn’t give these charms to us. it lends Them to us. free. in liberty and greatness. Oh. beauteous miser. you’re glad to make your.,non-suicidal
 The thing that you’ve received to pass to others. You low hide the treasures. but therefore. Not making self more prosperous. rather. You strike your bargains just with you yourself. Loosing in them your profit’s main amount;,non-suicidal
 And in an hour. world is to be left. What will be written in your last account? And the sweet image of the future times Will fell in grave with you – not realized.,non-suicidal
 The canning time. with its exquisite craft. Secretly makes a feast for our eyes. While in a run. the circled one and apt. Carrying away all that was bliss for us. The mighty stream of hours and days,non-suicidal
 Leads virgin summer into winter’s dusk. Where leaves are absent. and a trees’ sop stays Dead like the earth. with a white cloak masked. And just aroma of the flow’rs fresh – The flying elf imprisoned in a glass –,non-suicidal
 Never allow the impassive hand Of grayish winter to access your garden. Until you’ve gathered flow’rs off a bed. To have your spring in a glass flagon gardened. Like one. who’d given priceless grant to men.,non-suicidal
 And then received it back with a good profit. You’ll be glad to return you self again To you yourself with ten times more of all it. Ten more times you’ll leave on this great earth. Ten more times repeated in your children.,non-suicidal
 to this sullen and dingy place that we must make golden make precious and mythical somehow. it is our nature. and it is truth. that we came here. I told you. from other planets where we were lords. we were sent here.,non-suicidal
 Which shaded herds before in summer noon. And nod us dense beards of the grayish sheaves From solemn carts – to join their deathly swoon – I think about your unearthly charms. About time when they’ll be forced to wane.,non-suicidal
 How can I ever prove that you were fine. Leaving my page in the time-river flown? The Lord does know. that shy verse of mine. Could say no more than the vault’s gray stone. If I make try to leave them your portrait.,non-suicidal
 Sometimes it’s hidden by a nasty weather. The Nature sends to us her caresses and pine. In her chanced whims not knowing a measure. But your life’s day is of the constant length. It’s summer’s fresh and full of sunny favor.,non-suicidal
 buying scads of new poems from all corners of the earth then head to the all-night Tower Records full of drag queens & revolutionaries. to get a few songs And dig it. City Lights still here. like some old lighthouse though all the rest is gone.,non-suicidal
 The woman’s face! But with much more perfection. It was created by the nature’s art Tho’ sweet like woman. you defy attraction For adulatory. oh. king-queen of my heart. Your gentle look voids of a play. unfair.,non-suicidal
 But gilds all things around with its shine; And. full of manhood. with its lordly manner It slaves your friends and pierces ladies fine. Nature planned you to be the female-wonder. But brought by passion to her own knees.,non-suicidal
 She put us both mercilessly asunder. And pleasured women with your beauty’s bliss. Let it be so. only I require: Love me… and grant them with your passion’s fire.,non-suicidal
 I don’t compete with architects of verse. Which. as a gift. to their she-idols worshiped Present the whole heaven with the earth And all blue waters of the global ocean. Let them. for decoration of their lines.,non-suicidal
 Repeat in poems and their disputes sound. The flowers’ wreaths and lights of heaven stars. The dazzling treasures of the sea and ground. Truth is my single law in love and word. And I do write that my sweetheart is fair.,non-suicidal
 Like all the brought by mothers in the world. But not like sun’s or clear crescent’s glare. My love is not to have been advertised – It’s not for sell! It has not for market price!,non-suicidal
 All mirrors lie that I have grown old. While I’m partaking your spring’s years in. If your sweet image were by time deformed. I would acknowledge that a fate did win. Into your features looking like in glass.,non-suicidal
 I see me self a very young and fresh. I feel in me your heart with its strong pulse. And give to you one. of my own flesh. So. my dear. try to guide yourself. Not for yourself you bear a friend’s heart;,non-suicidal
 And I will always try to hold yours safe. Like mother tries to hold her own child. Both hearts of ours has their common fate – If mine were stopped. your own too is dead.,non-suicidal
 As that bad actor. having lost his nerves. Loses a thread of a well-known role. As that mad man. obsessed with fierce wrath. In strengths’ excess. losses self-control wholly – So. not knowing what to say. I’m mute,non-suicidal
 Not for the reason that my heart is cold: There is a seal that my great love has put On my hot lips. making them numb and stoned. Then let my book without sounds speaks With you. as my unspoken intercessor;,non-suicidal
 Let it demand retaliation quick. Seeing in you its Savor and Confessor. Would ever you read my love’s. voiceless. words. Catch with your sight my ever-wordless voice?,non-suicidal
 My eye’s engraver; and the image yours Has been imprinted in my heart precisely. And now I’m a frame. embarrassing the most Praised in the art – a ‘view’ we call it wisely. Through a good master look at craft itself,non-suicidal
 To see your portrait in a frame. quite privet. That strange workshop. which now it preserves. Is glazed with crystals of the eyes beloved. My eyes are so friendly with your ones: With your eyes I engrave you in my soul.,non-suicidal
 The golden sun. through your inspiring eyes. Looks in a shop in magnitude its whole. Alas! Behind this glass. your own heart Is always out of my seeking sight.,non-suicidal
 Let he. who’s born under the happy star. Brags with his fame. his power and title. But fate of mine haven’t pampered me so far. And for me love’s a Caesar mantle’s purple. Under warm sun he spread his gorgeous leaves –,non-suicidal
 The prince’s confident. the creature of a lordship. But when the light of golden sun it leaves. The golden marigold wanes with his giver worshiped. The proud general. used everywhere to win. Fails just in one – the last of many battles.,non-suicidal
 And all his victories are vanished from the scene; He is forgotten in disgrace and scant’ness. But titles of mine are stable and unmoved: Through all my life - I loved. I love. I’m loved.,non-suicidal
 The liegeman. humble and faithful to the king. I. moved by love. respectful one and endless. Direct to you my delegates’ long string. In scripts. lost any intricate in phrases. I haven’t find words that could be worth of you.,non-suicidal
 How can I ever overcome my plight. When I’ve been striped of restfulness mine blessed? The day’s hot troubles are not cooled by night. And night. like day. leaves only tears’ traces. And day and night – though used to be in fight –,non-suicidal
 Their art would be twice higher then my own. But let. for you. my song be higher sung. ‘Cause just by you my life was filled. alone. ‘Cause if I weren’t delayed on my strait way. I would be able with my age to go.,non-suicidal
 Clouds to roam by the golden throne. They crawl above the ground. left alone. Deprived of all his lavish benefits. Thus my sun rose for a shortest span. Awarding me with gifts of his. embellished.,non-suicidal
 Then came a cloud. fully blind and grayish – And gentle colors of my love did wane. But I don’t growl at my Fortune saddened. -- There’re sometimes clouds on the earth and heaven.,non-suicidal
 The sympathy of one who’d made offence. Never heals ulcers it has brought on one. But these your tears. the rills of your tears-pearls – They are the torrents. washing sins of yours!,non-suicidal
 Don’t be in grieve. if you have wrongly done. Roses have thorns. the clearest of rills Are muddled by sand. the gorgeous moon and sun Are marked by clouds or by eclipses. We’re all in sins; and I am deeply in,non-suicidal
 I can confess that we are here two. Though our love is our common lot. I do not want. my any vises through. To stain your honor with a single blot. Though love confines us with a single thread.,non-suicidal
 But in our life our bitterness defers. It could not make our love diminished. yet. But steals a lot of time from love’s affairs. Like one who’s doomed. I have not any right To show you my credits in the world.,non-suicidal
 That you robbed me of best what I have owned And only one rebuke for you I hold. That you had pushed my love off your life’s road. You striped a beggar of his scanty bag. But I’ve forgiven you. my charmer low.,non-suicidal
 off hills when you run flaming down to the black sea,non-suicidal
 for some purpose the golden mask I had seen before. that fitted so beautifully over your face. did not return nor did that face of a bull you had acquired amid northern peoples. nomads. the Gobi desert,non-suicidal
 I am a shadow crossing ice I am rusting knife in the water I am pear tree bitten by frost I uphold the mountain with my hand My feet are cut by glass,non-suicidal
 I’d easy pass halve of the planet’s ball. To thoughts – an ocean is a narrow strait. They fly through it. as soon as took a goal. Tho’ my soul is a spirit and a flame. But. I. who’s made of water and of dust.,non-suicidal
 My eye and heart are in the bloody fight. They did not know how to share you. My heart intends to hide you self inside. My eye demands you for its whole view. The faithful heart does pledge that in its deeps.,non-suicidal
 Unseen for eye. you safely abide – The eye is sure that your image sleeps In the clear mirror on his own site. Then judges-thoughts convened. and they accused The animosity and the incessant fight –,non-suicidal
 To my poor heart as somewhat consolation. And my mild heart – when it is apt in that – Lends to my eye a part of dreamy passion. Thus. in my thoughts or in the real flesh. You’re before me in every fleeting moment.,non-suicidal
 is locked with silver wire I have burned often and my bones are soup I am stone giant statue on a cliff I am mad as a blizzard I stare out of broken cupboards,non-suicidal
 If he were got me back in the same styles. If I were riding on the wind through miles. I’d think. ‘Oh. how slow it creeps in!’ The best of horses wouldn’t catch a will. When rapidly it gallops with a neigh –,non-suicidal
 that she is eternal. that she sings that she is star-born. that she gathers crystal that she can be confused with Isis that she is the goal that she knows her name. that she swims,non-suicidal
 A stem. a thorn. a leave – like of the healthy. And such a color is with purple blest. And such a hallo seems alive and wealthy. – They bloom. not pleasing any heart or breath. And fade forgotten. making poisoned air.,non-suicidal
 But real roses has another ‘death’: Their soul’s poured into a fragrance fair. When will extinguish light of eyes of yours. All charm of truth will be distilled in verse.,non-suicidal
 The mossy marble of the lieges’ graves Will vanish earlier than my so fragile word. In which I saved your admirable grace. Time will not cover it with dust and dirt. Though bloody wars cast statues into mud.,non-suicidal
 And blind revolts abolish masons’ toil. My sacred scriptures. chiseled in the mind. Will not be handled by the time at all. You’ll be not send to bottom by the death. Nor by forgetfulness – that envious fiend.,non-suicidal
 And you’re obliged with your descendants. else. To see great Doomsday at the all-times’ end. So. live. until you will be waked at last. – In lines of poems and in deeps of hearts!,non-suicidal
 Wake up. love-sward! And tell me. is your sting Blunter than one in thirst’s and hunger’s dance? Though the feast could be a fitting thing. You can’t be fitted for all life at once. So is love. Its look of hunger-pain,non-suicidal
 Is satisfied today – to the extortion. But morrow comes. and you’re again in flame Of greatest fire. born by great emotion. To have our love for us forever cost Let separation be the ocean endless.,non-suicidal
 For faithful servants there is naught. in whole. But just to wait for mistresses. sublime. Thus. for your whims to play the servant’s role. I spend in painful waiting all my time. Watching the hands of clocks with strained attention.,non-suicidal
 I do not chime a hard bore in my heart. Nor curse the bitter plight of separation. To your short sign gone your doors outside. I do not let my thoughts. often so jealous. Go behind the once positioned line.,non-suicidal
 in the purple sky. that her fingers are pale & strong that she is black. that she is white that you always know who she is when she appears that she strides on battlements. that she sifts,non-suicidal
 Whether we’ve gone far forward or they’d thrust… Or this there world hasn’t any changing effect. But I am sure. that the best of words Were then composed for the idol worse.,non-suicidal
 And the cold scythe of the existing strife Rips all the best that was by this world done. But time will never cut my poem’s breath. In which you’ll live against a curse of death.,non-suicidal
 like stones in the sea that you can hear her approach. that her jewelled feet tread any particular measure that there is anything about her which cannot be said,non-suicidal
 Crisis is my nature There is a fierce hurricane of feelings under my smooth skin There is a fresh corpse thrown up on the desolate shore of October,non-suicidal
 October is my Empire My delicate hands control things to be lost My small eyes watch things that are to disappear My soft ears listen to the silence of people who are to die Fear is my nature,non-suicidal
 It has nothing to do with me And even though you shed blood for some quiet meaning It has nothing to do with me either The tears that are in your tender eyes The pain that is falling from the tongue of your silence,non-suicidal
 If there were no words in our world I would merely stare at it and leave Is there as much meaning in your tears as there is in the core of a piece of fruit Is there an echo of the sunset in one drop of your blood,non-suicidal
 and they died without even shedding green blood before they return to the soil they change to the color of soil,non-suicidal
 that she relishes tombstones. falls down marble stairs that she is ground only. that she is not ground that you can remember the first time you met that she is always with you,non-suicidal
 through the withered leaves a man whose star is fixed does not turn back,non-suicidal
 I don't like new houses It may be because I was born and raised in an old house There is neither a dinner table to share with the dead nor space for a sentient being to grow It was maybe twenty years ago that,non-suicidal
 that she can be seen without grace that there is anything to say of her which is not truth,non-suicidal
 1999 I want to publish a book of poems by that name if I can survive that long it will be a full eighteen years I will remain asleep like the ants,non-suicidal
 I want to write a diagnosis of the mental abnormality of the one that silently continues carrying the food Today's work is over so good night,non-suicidal
 A mountain cherry tree in the forest covered with dark and light young leaves after looking at the petals I go out to town The cherry trees in town have been created by human hands from natural cherry trees In the small garden at my house,non-suicidal
 for there is another Lilith. not made for earth of whom it is said / that when she is seen by men it is as vapour / a plague / a cacophony of unique bells / straining & stranger. they pursue her unsubstantial cors thru this world,non-suicidal
 a Yoshino cherry stands quite stately At its roots wild birds and cats that lived eighteen years are buried and in those cherry blossoms the light of death and the sadness of life dwell,non-suicidal
 I don't think anybody has seen my footprints no matter what sand beach washed by waves no matter what desert assaulted by sand storms no one can understand the meaning,non-suicidal
 and as I read I fall asleep When I open my eyes it's a refreshing morning I put in my clean false teeth and open the morning paper It doesn't matter to me,non-suicidal
 whether the dollar goes down or the yen goes up It's nice if there is a report of an interesting murder There is even a smell of religion in the human behavior called murder There is no chance of a drama exactly like sex being born in the Holocaust,non-suicidal
 "My life was beautiful",non-suicidal
 & the next. She is. in fact. the archetypal foxfire of the stars will o'the wisp of empty space cosmic marshlight that lures us away from the heavenly spheres. our home,non-suicidal
 I did not see those tents again. nor the wagons infinitely slow on the infinitely windy plains. so cold. every star in the sky was a different color the sky itself a tangled tapestry. glowing but almost. I could see the planet from which we had come,non-suicidal
 to glimpse it in photographs. It must survive us.,non-suicidal
 when my nanny Celestina buttoned her housecoat (it's true that she was dyeing her hair and to surprise her I ventured beside her reflection) four dragonflies fluttered about announcing rain. one grazed my cheek and they came out,non-suicidal
 of the area where she was reflected; they followed me always or followed her. with her death they disappeared. except on the eve of a storm. When my mother got dressed to go to the ball,non-suicidal
 and fastened the band on her purple velvet belt an angel departed with her when she put out the light accompanied her to the car and that's why I believe she returned that night in which I trembled with fear for her death.,non-suicidal
 she looked at herself in the lid of the compact. imprudently I said "Let me see." I leaned into the shining circle: a turbulent dialogue startled us. three youths with necklaces.,non-suicidal
 thin. from having been cooped up in a tiny circle. malicious. sat down at our table. Ever since that day they've all interfered in our telephone calls.,non-suicidal
 My dog. who attentively admired himself once. barked insistently. shrewder he had seen a certain corporality leaving the mirror: a soft white rabbit visited me one afternoon.,non-suicidal
 But I won't list the cats. the horses. the gazelles. the tortoises. the necrophiliacs. the cannibals. the unborn. the gnomes. the giants. the onanists.,non-suicidal
 that came out of the mirrors where imprudently I glanced beside other people who didn't see them blinded by their own image. Now I no longer share a mirror with anyone because if my reflection takes the opportunity,non-suicidal
 to let them free. armies of other people. a world too numerous will be taking shape though it be difficult to stop because the mirror will say "grow and multiply" to the point of dislodging the universe,non-suicidal
 The homeless will take shelter inside of mirrors (they won't ever have lived in places so luminous) they will come out in their turn when those who were reflection,non-suicidal
 Be careful with your imagination. Someplace on earth it remains. all the time it follows us little by little turning into crude or delicate reality what man or beast. plants or stones imagined. The sick with fever. those who shake. those who want to and cannot speak.,non-suicidal
 in waiting rooms. amid pages of newspapers. oranges. those who gaze at the ceiling or else the sun. injured. those who embrace unlawfully. not knowing why or in the blue precinct of marriage. those disfigured by hearty laughter. the children. the slaves. the unjust. those who go shopping. handle meat.,non-suicidal
 those who get tired after never doing anything again don't do anything without a break. irreducibly. the unborn. those who carry signs in their fur. letters. drawings. mysteries that no one has deciphered. those who wash everything all day long like the raccoon.,non-suicidal
 the foul-smelling that scavenge for bones or excrement. wallowing about to stink even more. those who simply appear spiritual. or musical. or poetic. those who devour others like them or themselves because driven mad.,non-suicidal
 those that are streaked. with spots. with silver scales and tails. the ferocious and the domesticated. those who love. those who eat each other in order to fecundate. those who live only on grass or precious milk or those who need to eat rotten meat,non-suicidal
 those who crawl or the most beautiful. with princely feathers those whom the water gathers among its glass. clear green or black in the dark molds of the earth. buried. those who take so long in dying that they do not die and seem like plants or else stones. with the additions of time,non-suicidal
 It's strange. Inconceivable. But there are stranger things: Don't birds exist who pass the time singing. ridiculous doves. and an infinite series of fish,non-suicidal
 of the swaying branches above your body. you didn't listen to the heart of the pines when the wind moves them and those leaves that are like green fragrant pins fall. and when the clouds pass.,non-suicidal
 you didn't see that the world was turning. the entire world. and you didn't feel that the sky was drawing near. was entering inside the pines. and that you were disappearing. penetrating with it,non-suicidal
 inside the pines. becoming in that sky another tree.,non-suicidal
 of the exact musical note. That's why each day I respond by inventing a name: blue. bird. breeze. light. Common words,non-suicidal
 that can be said simply even without knowing you. without loving you.,non-suicidal
     There are some kinds of writing. Malcolm Cowley quotes William Faulkner as saying. That have to be done very fast,non-suicidal
 Like riding a bicycle on a tight rope.   And sometimes there are crowds below To cheer and clap. the echoes Bouncing from the tent’s top.,non-suicidal
   But many times there is nothing below. Just sawdust on the floor. And sometimes in the throat.,non-suicidal
     She spoke of things of long ago— They were as yesterday. She told of a dream:,non-suicidal
 It was a September And it was not really warm until noon. I had been sitting in the sun. she said. I could hear a crow across the field. On the trellis there were new roses.,non-suicidal
    I was sitting in the sun.    And he brought me three fresh pears        from the tree in the far pasture.,non-suicidal
 On pale hands That move in and out. Saying with sad finality. All is finished. And yet hoping. as the eyes speak.,non-suicidal
 ostrich & pachyderm Who will remember the bleakness of this time? Who will recall it. later?,non-suicidal
 Watching glittering goldfish Swim languidly in the sun.,non-suicidal
     They carried him home in the late August. And all through the warm days of September He lay with two broken legs.,non-suicidal
 While his father hobbled. dry-eyed. to gaze. The next day they turned his bed to the sun. And the smoke of the evening came home to rest. The old man sat on the porch and smoked. “It will rain tonight.” he said.,non-suicidal
     He has grown quieter now. And almost forgotten— The Prophet,non-suicidal
 Only comes to town at tobacco-market time. And he’s only moved to preach When pimply faced boys snicker At his long gray beard and high black hat. He’ll roar at them then.,non-suicidal
 you are my bread and the hairline noise of my bones you are almost,non-suicidal
 the sea you are not stone or molten sound I think you have no hands,non-suicidal
 And hidden. too. are hoarded griefs Forgotten now as to why or how.     Still—     Silent faces turn     To a watchful clock.,non-suicidal
 The lilac bloomed. And on a lazy afternoon A long lean cat stalked A singing bird.,non-suicidal
     He came home from Petersburg. Footing it down the road with three others Who fell off by the way.,non-suicidal
 They walked back together And he took off his hat and stood a moment Before going in to supper.   He cleaned the spring.,non-suicidal
 I could not remember (then) what our purpose was but remembered the name Mahakala. in the dawn in the dawn confronted Shiva. the cold light revealed the "mindborn" worlds. as simply that. I watched them propagated. flowing out.,non-suicidal
 for crossing tongues (the sand here never shifts) I think tomorrow,non-suicidal
 One is probably ample. 2 studio; Bedroom; Bath;,non-suicidal
 Kitchenette: Furnished like a third act passion set: Oriental; Sentimental; They owed two months on the rental. Pink cushions.,non-suicidal
 The towels were grey. Cups. saucers. Knives. plates. Bottles. glasses In various states,non-suicidal
 Of vileness. fought for a precarious space in The jumbled world beneath the basin. The basin top was the temporary home Of a corkscrew. scissors. And a brush and comb.,non-suicidal
 It had a bureau: A double bed With one pillow. and white spread. Their trunks: boxes. A chair.,non-suicidal
 Sunday noon: Broiling hot. Queenie woke up feeling shot. She lay stretched out on the crumpled bed Naked: slim arms above her head.,non-suicidal
 Queenie lifted her head A trifle from the bed. “Burrsie!” she piped. Her voice was pitched In a fretful key.,non-suicidal
 His mouth twitched: He was dangerously still. By enormous power of will. Her eyes filled with a martyred look: She registered grief. and her voice shook.,non-suicidal
 “Burrsie!” Sharply— “Well?” he inquired. “Brrsie! Queenie is oh. so tired!” His teeth snapped.,non-suicidal
 Burrs was afraid— Already routed. He tried bluster. “Well!” he shouted. Glaring:,non-suicidal
 She waited. She lay still. Giving his hands and lips their will. She was cold as ice. all through it: She had him now.,non-suicidal
 And he almost came. Now. Swift as a snake. She shifted. Her shoulders rose.,non-suicidal
 Her arm lifted. Down she struck. His tight embrace Gave. His hands covered his face. She leapt up; fled. with hard laughter.,non-suicidal
 Bleeding at the mouth. He rushed after. “You rotten bitch! I’ll fix you yet!” She grabbed a knife from the kitchenette.,non-suicidal
 And a brown bottle with a whisky label Then dodged swiftly Around the table. They paused: watched:,non-suicidal
 Animal-eyed. Furious. From either side. Her face was white as though newly plastered. “You touch me—,non-suicidal
 “Well—?” It was over. “My sweetie’s bats— But I love her!” Said Burrs drily.,non-suicidal
 And once for all. I’ll tell you what: The next time you call me a lazy slut. If I find a knife. I’ll damn well use it!— Kick that idea around till you lose it!” Having delivered herself of this.,non-suicidal
 Sipped; Perfect lipped. Legs crossed: At ease: engrossed. Beautiful.,non-suicidal
 Double nod. She raised her handsome head; She said: “Burrsie. I think we’re about due For a party:,non-suicidal
 1 The gang was there when midnight came. The studio was lit by candle-flame; Dim: mysterious: shrouded. Unbidden shadow-guests swarmed,non-suicidal
 They rushed forward boldly; Swept Triumphant Across white faces: Wavered. retreated;,non-suicidal
 They hovered around the glass-filled tray Ravenously. Like birds of prey. White. intense; With mask-like faces,non-suicidal
 Filled with slime. Her mouth was cruel: A scar In red. That had recently opened and bled.,non-suicidal
 For fifteen dollars. Glad of the chance To see her dance. Women adored her. Less often. a man:,non-suicidal
 or. more simply. one mirror reflecting another. then broke the mirrors. you were no longer in sight nor any purpose. stared at this new blackness the mindborn worlds fled. and the mind turned off: a madness. or a beginning?,non-suicidal
 Behold the Brothers D’Armano: Otherwise. Oscar and Phil. They sang: They played the piano: They functioned together with skill.,non-suicidal
 They lisped. Their voices were shrill. They were powdered. Rouged. Sleek of hair:,non-suicidal
 They must have worn Pink silk underwear. They clung together with arms laced Each about the other’s waist: Stood around in anguished poses.,non-suicidal
 They rated A shower of paper roses; Lavender lights. And the stink of joss. Suffering Moses.,non-suicidal
 What a loss! Watch Dolores: Dark. tall. Slim. Wrapped in a Spanish shawl;,non-suicidal
 And the usual two Loud Jew Theatrical managers stood engrossed Bewailing high production cost. Each of them had suffered most.,non-suicidal
 In twenty minutes both had lost The sum of sixty million dollars— With gestures: After which they sighed. And drank,non-suicidal
 Exquisite in black; Radiant; Tall; With a face of ivory. And blurred gold for hair:,non-suicidal
 And what came with you.” she droned— “Meet what brought me in a sea-going hack: The Boy Friend—Mister—Mister— Black! That’s Queenie.,non-suicidal
 This’s Burrs. Tha’s Jackie—Am I right? My god! There’s Mae! ´Lo. Mae!—I’m tight!” Queenie came forward.,non-suicidal
 Some legendary fairy queen! She moved off; Left him staring after. Kate burst out in sarcastic laughter. “Well!,non-suicidal
 It billowed; curled: Swung; swirled: Poured towards the candle flames And broke. Eyes flashed.,non-suicidal
 Glistened: Everyone talked: Few listened. Crash! A glass smashed;,non-suicidal
 Ivory arm. The lace that hid The girl’s bosom. rose and quivered: Her petal lips parted: She shivered.,non-suicidal
 Slowly she drew her arm away: She rose and went towards the glass-filled tray. Kate hailed Burrs like a long-lost brother. And she left Black’s side To be a red-hot Mother.,non-suicidal
 Queenie saw her going: She stopped the Vic. And put on a record so blue it was sick. She moved forward swiftly: She stood before Black:,non-suicidal
 and slow. And sweeping: And their rhythm was enough to set you weeping. They stood up straight.,non-suicidal
 The floor swam underneath. And Queenie did more than her share: She brushed his lips with her hair: She arched inward: She clung:,non-suicidal
 She pressed Her body on his from knee to breast. It was wonderfully timed. About two steps more.,non-suicidal
 Their arms dropped. And she fed him a blurred. bewildered glance. She smiled: she whispered: “Our first dance!”,non-suicidal
 “Let’s get our drinks and sit somewhere.” “Why. yes: if you think Kate wouldn’t care— I don’t want the child to pull my hair!” Queenie took cushions from the double bed. “Do you mind if we sit on the floor?” she said.,non-suicidal
 You probably just think I’mhard-boiled: A rotter: A rounder: A horrible sort of bounder!” Queenie viewed him with large eyes.,non-suicidal
 Fervently. Up rose his drink: Up rose her drink. The glasses met with a faint clink. Glass met lip.,non-suicidal
 They unlocked: They came up for air. Their eyes blurred: The room rocked: They peered here and there.,non-suicidal
 And her jaw dropped. “Well! May Jesus give me grace! He’s mushin’ it up with your angel-face!” “Yeah?” said Burrs.,non-suicidal
 The candles flared: the shadows sprang tall. Leapt goblin-like from wall to wall; Excited: Delighted: Mimicking those invited.,non-suicidal
 for Alan This. then. is the gift the world has given me (you have given me) softly the snow cupped in hollows,non-suicidal
 on the distant hill for the caged bird sings of freedom.,non-suicidal
 The other was bolder: It ran white fingers through his long black hair. Then fondled his throat. And rested there. Phil’s hands played on with agile grace.,non-suicidal
 His face in his hands. He cried. “There—there!” soothed Phil: He embraced him; He sighed.,non-suicidal
 To the one with whom they sided. They grinned: Egged them on: Cheered: laughed: derided. Finally Phil:,non-suicidal
 “Go to hell. then. will you?” Cried Oscar: “Oh. you beast!— I’ll kill you!” And he leapt on him. then and there. They slapped:,non-suicidal
 Old adobe bricks. washed of Whiteness. paled to umber. Await another century. Star Jasmine and old vines Lay claim upon the ghosted land.,non-suicidal
 I wish I had Never been Born! (I told you. Born) She had those,non-suicidal
 Kiss-me eyes And lips— What legs! What a pair of hips! I never had,non-suicidal
 Get out your Handkerchiefs. Brothers and Sisters and— Mourn!,non-suicidal
 And the voice was angry. Sepulchral Deep: “Cut out that noise! I want to sleep!” Silence.,non-suicidal
 For a moment’s fraction: The silence of stupefaction. Then they growled; Howled: They took action.,non-suicidal
 Then quiet pools whisper Private childhood secrets. Flush on inner cottage walls Antiquitous faces. Used to the gelid breath,non-suicidal
 Night. And against this night. the steep Black neighboring walls Shot up out of sight: Sinister: silent:,non-suicidal
 Cold. Asleep. They peered up the slanting face of stone. Across the gulf A window shone:,non-suicidal
 Square: yellow: And they shrieked— “There’s the fellow!” A man’s figure appeared. Stood set,non-suicidal
 Against the light in silhouette. Again the voice: “Cut out that noise!” “You bastard! Who the hell are you?” “My god! It’s only half-past two!”,non-suicidal
 “Pull in your neck!— ” “Go soak your head—!” Were among the more polite things people said. “You’re keeping decent people awake!” “Aw. shut up! So’s your Uncle Jake!”,non-suicidal
 “Decent?” roared Eddie. “Yes— Decent. I said!” “Come here and I’ll break your lousy head! You cock-eyed son-of-a-bitching scut!,non-suicidal
 Of old manors. glare disdainfully Over breached time. Around and through these Cold phantasmatalities. He walks. insisting,non-suicidal
 The silhouette disappeared. The victors cat-called: Hissed: Jeered. The light across the way went out.,non-suicidal
 They pulled in their heads. They stood about. They grinned. With lurid epithets. They said what they thought of silhouettes.,non-suicidal
 “Say. you’re swell!” “‘Be quiet.youse—’! Say!— Let’s raise hell!” Burrs turned.,non-suicidal
 To the languid air. Activity. music. A generosity of graces. His lupin fields spurn old Deceit and agile poppies dance,non-suicidal
 Her white cheeks tinted. So Burrs Felt the spurs! Swell! She’d give him a gaudy taste of hell!,non-suicidal
 “You know what I mean! Lay off that guy!” “Why?” “Because I tell you to!” “Yeah?—And who the hell are you!” A pause.,non-suicidal
 Gave it a twist. She flinched. And made a low wail. Black stepped up: He was ghastly pale:,non-suicidal
 White arms encircled swollen necks: Blurred faces swam together: locked Red hungry lips: Closed eyes: Rocked.,non-suicidal
 In golden riot. Each day is Fulminant. exploding brightly Under the gaze of his exquisite Sires. frozen in the famed paint Of dead masters. Audacious,non-suicidal
 They clung: They kissed. Shortly. they left together: Unmissed. The bedroom door swung open wide.,non-suicidal
 They played a duet. Their fingers slipped: Their fingers stuck. Mangled the jarring notes they struck. They clattered:,non-suicidal
 They rumbled; The rhythm was staggered and stumbled. Through all this sound The Victrola kept flinging Dim snatches,non-suicidal
 That had no end. No beginning. Three couples circled Slowly: Clinging.,non-suicidal
 As nice as a man could be. He was sweet to me. I was sick. and awfully lonely. And tired. I had no show. And Burrs is the sort who pretends,non-suicidal
 He wants to just be friends. I was only sixteen; how could I know?” She shrugged: “It seems ages ago.” Her mouth drooped.,non-suicidal
 Her lashes fell. “You’ve no idea. I’ve been through hell. What good does it do To say I’m through? Who have I got to turn to?”,non-suicidal
 Bravely she smiled. Poor. battered child! Tears filled his eyes to overflowing. He turned his head To keep them from showing.,non-suicidal
 He cleared his throat: His eyebrows met: “You’ve got me—always! Don’t forget.” “Dear boy!” she whispered.,non-suicidal
 Her finger tips Rose in his hand. and met his lips. From time to time. lying on the bed With Kate. Burrs raised a dishevelled head And scowled at blurred gold hair on a pair,non-suicidal
 Of wavering knees. The edge of the chair Cut off the rest. What went on there! Burrs trembled: He felt sick.,non-suicidal
 Since you black. don't stick around. Food is gone. the rent is due. Curse and cry and then jump two. All the people out of work. Hold for three. then twist and jerk.,non-suicidal
 A candle guttered; its flame died: The shadows rushed in from every side; A sinister. swift procession. Taking grim possession. The noise dropped to a strange. jumbling.,non-suicidal
 Low-pitched sound. like distant mumbling. Over this blur the Victrola threw Incessant music. soft and blue. Under the grand piano were curled Oscar and Phil. dead to the world.,non-suicidal
 They sprawled like corpses. Their pinched faces Showed ghastly white in unrouged places. “Everyone elsh’s awful tight: Yessir!”,non-suicidal
 Twenny-five. thirty—still feel f-fine! Yesshir!” Said Jackie. “So wassha use drinkin’? Makesh me mad!,non-suicidal
 He mumbled something— No one knew what. His mouth opened. and his face grew haggard: He lurched forward:,non-suicidal
 Swayed: Staggered: Put out a hand. Found nothing to hold. Sank to the floor,non-suicidal
 Cross the line. they count you out. That's what hopping's all about. Both feet flat. the game is done. They think I lost. I think I won.,non-suicidal
 And passed out cold. Nadine. Mae’s kid sister. Vanished. No one missed her.,non-suicidal
 Suddenly a scream shot out: “No! No!” Heads lifted. peered about. Again the scream of fear: “Mae!”,non-suicidal
 Mae leapt up. swaying. Nadine lay On the floor. half hidden by a man in grey. Her slim legs kicked. She tried to seize,non-suicidal
 Her skirt and pull it down to her knees. Mae rushed forward: “Eddie!” But he was there already. His hand swept down; his grip grew tight,non-suicidal
 On the man’s neck. His knuckles showed white. His shoulders heaved. With one drag He pulled the man up like a limp rag. The man’s head rolled from side to side:,non-suicidal
 He stared at Eddie. vacant-eyed. “You bastard. you! Foolin’ with a kid!” Snarled Eddie: “I’ll show yuh!” And he did. His shoulders swung:,non-suicidal
 His fist drew back. Shot out. struck With a dull smack. Back went the man’s head:,non-suicidal
 He spun where he stood: He fell flat. and lay there. His face oozing blood. The bystanders murmured in awe. Eddie thrust out his jaw.,non-suicidal
 A woman laughed: His ear caught the sound: He snarled. Ducked his head. Swung swiftly around.,non-suicidal
 FOR BAILEY We were entwined in red rings Of blood and loneliness before The first snows fell Before muddy rivers seeded clouds,non-suicidal
 Slowly he circled each fist. He crouched: His eyes shone red: Grimly he said: “Foolin’ with a kid!”,non-suicidal
 The bottle glittered. Flashed. Crashed On Eddie’s head: Smashed.,non-suicidal
 Above a virgin forest. and Men ran naked. blue and black Skinned into the warm embraces Of Sheba. Eve and Lilith. I was your sister.,non-suicidal
 Her eyes shut. Her breathing grew deep. Her lips parted. And she lay asleep. Burrs had been watching.,non-suicidal
 You left me to force strangers Into brother molds. exacting Taxations they never Owed or could ever pay. You fought to die. thinking,non-suicidal
 7 Now. Outside. in the night. A window suddenly blazed with light. The silhouette again.,non-suicidal
 A strong one: Then suddenly felt unstable. The room blurred. The room receded. Another drink was what he needed!,non-suicidal
 In destruction lies the seed Of birth. You may be right. I will remember silent walks in Southern woods and long talks In low voices,non-suicidal
 Till it hurt. There! Now! He felt much better. He couldn’t get drunk.,non-suicidal
 Him. She had played: she had won— But she was caught! Her body ached madly at the thought. What a man this was!,non-suicidal
 He seemed able to bring her Heart leaping up with a touch of his finger. She smiled Like a child In its sleep.,non-suicidal
 His hand left her hair. It began to creep With gently moving finger tips Over her eyes:,non-suicidal
 Shielding meaning from the big ears Of overcurious adults. You may be right. Your slow return from Regions of terror and bloody,non-suicidal
 Lightly his hand began to float Over the smooth white skin Of her chin.,non-suicidal
 Then suddenly came to rest With its palm pressed Soft and hot on the pulse of her slender throat.,non-suicidal
 His fingers ached To feel fresh. Cool flesh. His hand waked. It discovered her shoulders:,non-suicidal
 Screams. races my heart. I hear again the laughter Of children and see fireflies Bursting tiny explosions in An Arkansas twilight.,non-suicidal
 He did not dare. Then his hot hand Cupped her breast Suddenly; And came to rest.,non-suicidal
 Ecstatic: frightened. Bur her hand covered his. And tightened. She gasped. Started:,non-suicidal
 Their bodies stiffened; And their cheeks sank in. Tighter! Tighter! Their faces hardened.,non-suicidal
 She came home running back to the mothering blackness deep in the smothering blackness white tears icicle gold plains of her face She came home running,non-suicidal
 They stood up. clinging: They kissed. They drew apart. She took his wrist And put that arm about her waist;,non-suicidal
 Then hers about his. So. tightly laced. They stood. Her head dropped on his shoulder. “I love you!” he told her.,non-suicidal
 She smiled dimly: They kissed. The room was hung with amber mist. Exultant-eyed.,non-suicidal
 Side by side. They floated dream-like across the floor Towards the bedroom door. No one stared:,non-suicidal
 No one cared. Burrs—? To hell with him! As they passed the bed She glimpsed his head,non-suicidal
 Face up. White. Dim: Eyes closed; Dishevelled of hair:,non-suicidal
 Mouth open: Throat bare. The door opened. It closed behind them. Jet-black darkness swept up to blind them.,non-suicidal
 And the air was strangely fresh and sweet. They stood blinking: They swayed on their feet; And blank silence wrapped them in. Little by little the dark grew thin.,non-suicidal
 She came down creeping here to the black arms waiting now to the warm heart waiting rime of alien dreams befrosts her rich brown face She came down creeping,non-suicidal
 She came home blameless black yet as Hagar’s daughter tall as was Sheba’s daughter threats of northern winds die on the desert’s face She came home blameless,non-suicidal
 But flaming buffoons. Pile rubbish. all the rubbish in a heap. And like Savonarola. to the sound of hymns. Into the fire with it…. Whom should we fear? When the mundiculi of puny souls have become—worlds.,non-suicidal
 You are still whimpering lavishly. Dunderheads! Isn’t yesterday crushed. like a dove By a motor Emerging madly from the garage?,non-suicidal
 and screamed: you're insane! and with whoops of fear beat the eardrums ringing like diamond cards.,non-suicidal
 Quiet please. Don't slam the door. Dear Sir... Four very simple letters: – dead.,non-suicidal
 On the tops of aspens and pines!” But she. alas. Red-feathered. A long-long time ago flew off to the lakes Of the distant sky.,non-suicidal
 The riot's crimson finger pokes Into the map of both hemispheres: “Here! Here! Here!” Death gropes every hole,non-suicidal
 Owe. themselves. their youth to thee Without whom we may possess Much. but never happiness.,non-suicidal
 The vernal thrill. And thine beneath the rueful yew Is wintry chill.,non-suicidal
 To lettered fame not unfamiliar: there Crave rest and shelter of a scholiast fair. Who dwelleth in a world of old romance. Magic emprise and faery chevisaunce. Tell her. that he who made thee. years ago.,non-suicidal
 NO courtier this. and naught to courts he owed. Fawned not on thrones. hymned not the great and callous. Yet. in one strain. that few remember. showed He had the password of King Oberon's palace. And seeing a London seamstress's gray fate.,non-suicidal
 Heir of the riches of the whole world's rhyme. Dow'r'd with the Doric grace. the Mantuan mien. With Arno's depth and Avon's golden sheen; Singer to whom the singing ages climb. Convergent;-if the youngest of the choir,non-suicidal
 Thy treasuries. if thou canst hear the wail Of women martyred by the turbaned crew. Whose tenderest mercy was the sword that slew. And lift no hand to wield the purging flail? We deemed of old thou held'st a charge from Him,non-suicidal
 Who watches girdled by his seraphim. To smite the wronger with thy destined rod. Wait'st thou his sign? Enough. the unanswered cry Of virgin souls for vengeance. and on high The gathering blackness of the frown of God!,non-suicidal
 'What is to be. will be.' His craft she reeled and staggered. But he headed her for the hithe. In a storm that threatened to mow her down As grass is mown by the scythe;,non-suicidal
 Britain's Pride . And ever 'Hold on till daybreak!' Across the night they cried. Slowly melted the darkness.,non-suicidal
 The Rock cries out to us today. You may stand upon me. But do not hide your face.,non-suicidal
 Britain's Pride .,non-suicidal
 Just for a day you crossed my life's dull track. Put my ignobler dreams to sudden shame. Went your bright way. and left me to fall back On my own world of poorer deed and aim; To fall back on my meaner world. and feel,non-suicidal
 Then journeyed home. to carry in his soul The torment of the difference till he die.,non-suicidal
 I go back up to the hills (they shimmer with wheat bent by the August breeze). Silvestro. dear friend. you deliver me To all things past. to the stress and toil That wears the stone smooth over the grain.,non-suicidal
 The wet dawn inks are doing their blue dissolve. On their blotter of fog the trees Seem a botanical drawing -- Memories growing. ring on ring. A series of weddings.,suicidal
 Knowing neither abortions nor bitchery. Truer than women. They seed so effortlessly! Tasting the winds. that are footless. Waist-deep in history --,suicidal
 Will they occur. These people with torso of steel Winged elbows and eyeholes Awaiting masses Of cloud to give them expression.,suicidal
 and more charm. But I subdued myself. setting my heel,suicidal
 on the throat of my own song. Listen. comrades of posterity. to the agitator,suicidal
 the rabble-rouser. Stifling the torrents of poetry. I’ll skip the volumes of lyrics;,suicidal
 as one alive. I’ll address the living. I’ll join you in the far communist future. I who am,suicidal
 no Esenin super-hero. My verse will reach you across the peaks of ages. over the heads of governments and poets.,suicidal
 My verse will reach you not as an arrow in a cupid-lyred chase. not as worn penny,suicidal
 Reaches a numismatist. not as the light of dead stars reaches you. My verse by labor will break the mountain chain of years.,suicidal
 and will present itself ponderous. crude. tangible. as an aqueduct.,suicidal
 by slaves of Rome constructed. enters into our days. When in mounds of books. where verse lies buried.,suicidal
 you discover by chance the iron filings of lines. touch them with respect. as you would some antique,suicidal
 These super-people! - And my baby a nail Driven. driven in. He shrieks in his grease Bones nosing for distance.,suicidal
 yet awesome weapon. It’s no habit of mine to caress the ear with words;,suicidal
 a maiden’s ear curly-ringed will not crimson when flicked by smut. In parade deploying,suicidal
 the armies of my pages. I shall inspect the regiments in line. Heavy as lead. my verses at attention stand.,suicidal
 ready for death and for immortal fame. The poems are rigid. pressing muzzle to muzzle their gaping,suicidal
 pointed titles. The favorite of all the armed forces the cavalry of witticisms ready,suicidal
 to launch a wild hallooing charge. reins its chargers still. raising the pointed lances of the rhymes. and all,suicidal
 these troops armed to the teeth. which have flashed by victoriously for twenty years. all these. to their very last page.,suicidal
 I present to you. the planet’s proletarian. The enemy of the massed working class is my enemy too,suicidal
 inveterate and of long standing. Years of trial and days of hunger ordered us to march,suicidal
 under the red flag. We opened each volume of Marx as we would open,suicidal
 And I. nearly extinct. His three teeth cutting Themselves on my thumb - And the star. The old story.,suicidal
 the shutters in our own house; but we did not have to read to make up our minds which side to join.,suicidal
 which side to fight on. Our dialectics were not learned from Hegel. In the roar of battle,suicidal
 it erupted into verse. when. under fire. the bourgeois decamped as once we ourselves,suicidal
 had fled from them. Let fame trudge after genius,suicidal
 like an inconsolable widow to a funeral march - die then. my verse. die like a common soldier. like our men,suicidal
 who nameless died attacking! I don’t care a spit for tons of bronze; I don’t care a spit for slimy marble.,suicidal
 We’re men ofkind. we’ll come to terms about our fame; let our common monument be socialism,suicidal
 built in battle. Men of posterity examine the flotsam of dictionaries: out of Lethe,suicidal
 will bob up the debris of such words as “prostitution.” “tuberculosis.” “blockade.”,suicidal
 For you. who are now healthy and agile. the poet with the rough tongue,suicidal
 In the lane I meet sheep and wagons. Red earth. motherly blood. O You who eat People like light rays. leave This one,suicidal
 of his posters. has licked away consumptives’ spittle. With the tail of my years behind me. I begin to resemble those monsters.,suicidal
 excavated dinosaurs. Comrade life. let us march faster. march,suicidal
 faster through what’s left of the five-year plan. My verse has brought me no rubles to spare:,suicidal
 no craftsmen have made mahogany chairs for my house. In all conscience. I need nothing except,suicidal
 a freshly laundered shirt. When I appear before the CCC of the coming bright years.,suicidal
 by way of my Bolshevik party card. I’ll raise above the heads of a gang of self-seeking poets and rogues.,suicidal
 all the hundred volumes of my communist-committed books.,suicidal
 Awhirl with events. packed with jobs one too many. the day slowly sinks as the night shadows fall. There are two in the room:,suicidal
 Iand Lenin- a photograph on the whiteness of wall. The stubble slides upward above his lip,suicidal
 as his mouth jerks open in speech. Thetense creases of brow hold thought,suicidal
 Mirror safe. unredeemed By the dove's annihilation. The glory The power. the glory.,suicidal
 in their grip. immense brow matched by thought immense. A forest of flags. raised-up hands thick as grass...,suicidal
 Thousands are marching beneath him... Transported. alight with joy. I rise from my place.,suicidal
 eager to see him. hail him. report to him! “ComradeLenin. I report to you -,suicidal
 (not a dictate of office. the heart’s prompting alone) This hellish work that we’re out to do will be done,suicidal
 andis already being done. Wefeed and we clothe and give light to the needy. the quotas for coal,suicidal
 and for iron fulfill. but there is any amount of bleeding,suicidal
 muck andrubbish aroundus still. Without you. there’s many,suicidal
 have got out of hand. all the sparring andsquabbling does one in. There’s scum,suicidal
 in plenty hounding our land. outside the borders andalso within.,suicidal
 Try to count ’em and tab ’em - it’s no go. there’s all kinds. andthey’re,suicidal
 Pocket watch. I tick well. The streets are lizardy crevices Sheer-sided. with holes where to hide. It is best to meet in a cul-de-sac. A palace of velvet,suicidal
 thick as nettles: kulaks. red tapists. and. down the row.,suicidal
 drunkards. sectarians. lickspittles. They strut around proudly,suicidal
 as peacocks. badges and fountain pens studding their chests. We’ll lick the lot of ’em- but,suicidal
 to lick ’em is no easy job at the very best. On snow-covered lands and on stubbly fields.,suicidal
 in smoky plants and on factory sites. with you in our hearts. ComradeLenin. webuild.,suicidal
 wethink. we breathe. welive. and we fight!” Awhirl with events.,suicidal
 packed with jobs one too many. the day slowly sinks as the night shadows fall. There are two in the room: I,suicidal
 and Lenin - a photograph on the whiteness of wall.,suicidal
 I'd tear like a wolf at bureaucracy. For mandates my respect's but the slightest.,suicidal
 To the devil himself I'd chuck without mercy every red-taped paper. But this ... Down the long front,suicidal
 With windows of mirrors. There one is safe. There are no family photographs. No rings through the nose. no cries. Bright fish hooks. the smiles of women,suicidal
 of coupés and cabins File the officials politely. They gather up passports and I give in,suicidal
 My own vermilion booklet. For one kind of passport - smiling lips part For others - an attitude scornful.,suicidal
 They take with respect. for instance. the passport From a sleeping-car English Lionel.,suicidal
 The good fellows eyes almost slip like pips when. bowing as low as men can. they take.,suicidal
 as if they were taking a tip. the passport from an American. At the Polish. they dolefully blink and wheeze,suicidal
 in dumb police elephantism - where are they from. and what are these geographical novelties?,suicidal
 And without a turn of their cabbage heads. their feelings hidden in lower regions. they take without blinking.,suicidal
 the passports from Swedes and various old Norwegians. Then sudden as if their mouths were,suicidal
 aquake those gentlemen almost whine Those very official gentlemen take,suicidal
 that red-skinned passport of mine. Take- like a bomb take - like a hedgehog.,suicidal
 Gulp at my bulk And I. in my snazzy blacks. Mill a litter of breasts like jellyfish. To nourish The cellos of moans I eat eggs -,suicidal
 like a razor double-edge stropped. take - like a rattlesnake huge and long with at least,suicidal
 20 fangs poison-tipped. The porter's eyes give a significant flick (I'll carry your baggage,suicidal
 for nix. mon ami...) The gendarmes enquiringly look at the tec. the tec. -,suicidal
 at the gendarmerie. With what delight that gendarme caste would have me strung-up and whipped raw,suicidal
 because I hold in my hands hammered-fast sickle-clasped my red Soviet passport.,suicidal
 I'd tear like a wolf at bureaucracy. For mandates my respect's but the slightest.,suicidal
 To the devil himself I'd chuck without mercy every red-taped paper. But this ...,suicidal
 I pull out of my wide trouser-pockets duplicate of a priceless cargo. You now:,suicidal
 read this and envy. I'm a citizen of the Soviet Socialist Union!,suicidal
 A small night storm blows Saying ‘falling is the essence of a flower’ Preceding those who hesitate,suicidal
 Eggs and fish. the essentials. The aphrodisiac squid. My mouth sags. The mouth of Christ When my engine reaches the end of it.,suicidal
 Teeth of petals. bonnet of dew. handfuls of herbs. oh sweet nursemaid. turn the earthly sheets down for me and prepare my quilt of carded moss. I’m going to sleep. my nursemaid—lay me down;,suicidal
 put a lamp on the nightstand for me. or a constellation. whichever you like— both are fine; turn the lights down a bit. Now leave me alone and hear the buds break … as you’re rocked by a heavenly foot from above.,suicidal
 and a bird zigzags you a path so that you can forget … Thank you. Oh. a favor: if he calls again tell him not to insist. for I have gone away …,suicidal
 I caught you by the neck on the shore of the sea. while you shot arrows from your quiver to wound me and on the ground I saw your flowered crown. I disemboweled your stomach like a doll's,suicidal
 and examined your deceitful wheels. and deeply hidden in your golden pulleys I found a trapdoor that said: sex. On the beach I held you. now a sad heap. up to the sun. accomplice of your deeds.,suicidal
 before a chorus of frightened sirens. Your deceitful godmother. the moon was climbing through the crest of the dawn. and I threw you into the mouth of the waves.,suicidal
 I throw myself here at your feet. sinful. my dark face against your blue earth. you the virgin among armies of palm trees that never grow old as humans do. I don't dare look at your pure eyes,suicidal
 or dare touch your miraculous hand: I look behind me and a river of rashness urges me guiltlessly on against you. With a promise to mend my ways through your divine grace. I humbly place on your,suicidal
 hem a little green branch. for I couldn't have possibly lived cut off from your shadow. since you blinded me at birth with your fierce branding iron.,suicidal
 On my way home I pass a cameraman On a platform on the bumper of a car Inside which. rolling and plunging. a comedian Is working; on one white lot I see a star Stumble to her igloo through the howling gale,suicidal
 The tattle of my Gold joints. my way of turning Bitches to ripples of silver Rolls out a carpet. a hush. And there is no end. no end of it.,suicidal
 Of the wind machines. On Melrose a dinosaur And pterodactyl. with their immense pale Papier-mâché smiles. look over the fence Of The Lost World. Whispering to myself the tale,suicidal
 These shout—done with my schoolwork. I commence My real life: my arsenal. my workshop Opens. and in impotent omnipotence I put on the helmet and the breastplate Pop Cut out and soldered for me. Here is the shield,suicidal
 I sawed from beaver board and painted; here on top The bow that only Odysseus can wield And eleven vermilion-ringed. goose-feathered arrows. (The twelfth was broken on the battlefield When. searching among snap beans and potatoes.,suicidal
 I stepped on it.) Some dry weeds. a dead cane Are my spears. The knife on the bureau's My throwing-knife; the small unpainted biplane Without wheels—that so often. helped by human hands. Has taken off from. landed on. the counterpane—,suicidal
 Is my Spad. O dead list. that misunderstands And laughs at and lies about the new live wild Loves it lists! that sets upright. in the sands Of age in which nothing grows. where all our friends are old.,suicidal
 A few dried leaves marked THIS IS THE GREENWOOD— O arms that arm. for a child's wars. the child! And yet they are good. if anything is good. Against his enemies . . . Across the seas At the bottom of the world. where Childhood,suicidal
 Sits on its desert island with Achilles And Pitamakan. the White Blackfoot: In the black auditorium. my heart at ease. I watch the furred castaways (the seniors put A play on every spring) tame their wild beasts.,suicidal
 Erect their tree house. Chatting over their fruit. Their coconuts. they relish their stately feasts. The family's servant. their magnanimous Master now. rules them by right. Nature's priests. They worship at Nature's altar; when with decorous,suicidal
 Affection the Admirable Crichton Kisses a girl like a big Wendy. all of us Squirm or sit up in our seats . . . Undone When an English sail is sighted. the prisoners Escape from their Eden to the world: the real one,suicidal
 Where servants are servants. masters masters. And no one's magnanimous. The lights go on And we go off. robbed of our fruit. our furs— The island that the children ran is gone. The island sang to me: Believe! Believe!,suicidal
 Full of wings. otherworldliness. In this. they are Ledas. O mother of leaves and sweetness Who are these pietàs? The shadows of ringdoves chanting. but chasing nothing.,suicidal
 I shall never grow old. New oysters Shriek in the sea and I Glitter like Fontainebleau Gratified. All the fall of water and eye,suicidal
 And didn't I know a lady with a lion? Each evening. as the sun sank. didn't I grieve To leave my tree house for reality? There was nothing there for me to disbelieve. At peace among my weapons. I sit in my tree,suicidal
 And feel: Friday night. then Saturday. then Sunday! I'm dreaming of a wolf. as Mama wakes me. And a tall girl who is–outside it's gray. I can't remember. I jump up and dress. We eat in the lighted kitchen. And what is play,suicidal
 For me. for them is habit. Happiness Is a quiet presence. breathless and familiar: My grandfather and I sit there in oneness As the Sunset bus. lit by the lavender And rose of sunrise. takes us to the dark,suicidal
 Echoing cavern where Pop. a worker. Works for our living. As he rules a mark. A short square pencil in his short square hand. On a great sheet of copper. I make some remark He doesn't hear. In that hard maze—in that land,suicidal
 That grown men live in—in the world of work. He measures. shears. solders; and I stand Empty-handed. watching him. I wander into the murk The naked light bulbs pierce: the workmen. making something. Say something to the boy in his white shirt. I jerk,suicidal
 As the sparks fly at me. The man hammering As acid hisses. and the solder turns to silver. Seems to me a dwarf hammering out the Ring In the world under the world. The hours blur; Bored and not bored. I bend things out of lead.,suicidal
 I wash my smudged hands. as my grandfather Washes his black ones. with their gritty soap: ahead. Past their time clock. their pay window. is the blue And gold and white of noon. The sooty thread Up which the laborers feel their way into,suicidal
 Their wives and houses. is money; the fact of life. The secret the grown-ups share. is what to do To make money. The husband Adam. Eve his wife Have learned how not to have to do without Till Santa Claus brings them their Boy Scout knife—,suicidal
 Nor do they find things in dreams. carry a paper route. Sell Christmas seals . . . Starting his Saturday. his Sunday. Pop tells me what I love to hear about. His boyhood in Shelbyville. I play,suicidal
 What he plays. hunt what he hunts. remember What he remembers: it seems to me I could stay In that dark forest. lit by one fading ember Of his campfire. forever . . . But we're home. I run in love to each familiar member,suicidal
 Over whose pool I tenderly Lean and see me.,suicidal
 Of this little state. clustered about the Dome Of St. Nicholas—this city in which my rabbit Depends on me. and I on everyone—this first Rome Of childhood. so absolute in every habit That when we hear the world our jailor say:,suicidal
 "Tell me. art thou a Roman ?" the time we inhabit Drops from our shoulders. and we answer: "Yea. I stand at Caesar's judgment seat. I appeal Unto Caesar." I wash my hands. Pop gives his pay,suicidal
 Envelope to Mama; we sit down to our meal. The phone rings: Mrs. Mercer wonders if I'd care To go to the library. That would be ideal. I say when Mama lets me. I comb my hair And find the four books I have out: The Food,suicidal
 Of the Gods was best. Liking that world where The children eat. and grow giant and good. I swear as I've often sworn: "I'll never forget What it's like. when I've grown up." A prelude By Chopin. hammered note by note. like alphabet,suicidal
 Blocks. comes from next door. It's played with real feeling. The feeling of being indoors practicing. "And yet It's not as if—" a gray electric. stealing To the curb on silent wheels. has come; and I See on the back seat (sight more appealing,suicidal
 Than any human sight!) my own friend Lucky. Half wolf. half police-dog. And he can play the piano— Play that he does. that is—and jump so high For a ball that he turns a somersault. "Hello." I say to the lady. and hug Lucky . . . In my,suicidal
 Talk with the world. in which it tells me what I know And I tell it. "I know—" how strange that I Know nothing. and yet it tells me what I know!— I appreciate the animals. who stand by Purring. Or else they sit and pant. It's so—,suicidal
 So agreeable. If only people purred and panted! So. now. Lucky and I sit in our row. Mrs. Mercer in hers. I take for granted The tiller by which she steers. the yellow roses In the bud vases. the whole enchanted,suicidal
 Drawing room of our progress. The glass encloses As glass does. a womanish and childish And doggish universe. We press our noses To the glass and wish: the angel- and devilfish Floating by on Vine. on Sunset. shut their eyes,suicidal
 And press their noses to their glass and wish.,suicidal
 The hills step off into whiteness. People or stars Regard me sadly. I disappoint them. The train leaves a line of breath. O slow,suicidal
 When I was twelve we'd visit my aunt's friend Who owned a lion. the Metro-Goldwyn-Mayer Lion. I'd play with him. and he'd pretend To play with me. I was the real player But he'd trot back and forth inside his cage,suicidal
 Till he got bored. I put Tawny in the prayer I didn't believe in. not at my age. But said still; just as I did everything in fours And gave to Something. on the average. One cookie out of three. And by my quartz. my ores.,suicidal
 My wood with the bark on it. from the Petrified Forest. I put his dewclaw . . . Now the lion roars His slow comfortable roars; I lie beside My young. tall. brown aunt. out there in the past,suicidal
 Or future. and I sleepily confide My dream-discovery: my breath comes fast Whenever I see someone with your skin. Hear someone with your voice. The lion's steadfast Roar goes on in the darkness. I have been,suicidal
 Asleep a while when I remember: you Are—you. and Tawny was the lion in— In Tarzan. In Tarzan! Just as we used to. I talk to you. you talk to me or pretend To talk to me as grown-up people do.,suicidal
 Of Jurgen and Rupert Hughes. till in the end I think as a child thinks: "You're my real friend.",suicidal
 Sometimes as I drive by the factory That manufactures. after so long. Vicks VapoRub Ointment. there rises over me A eucalyptus tree. I feel its stair-sticks Impressed on my palms. my insteps. as I climb,suicidal
 To my tree house. The gray leaves make me mix My coughing chest. anointed at bedtime. With the smell of the sap trickling from the tan Trunk. where the nails go in. My lifetime,suicidal
 Got rid of. I sit in a dark blue sedan Beside my great-grandmother. in Hollywood. We pass a windmill. a pink sphinx. an Allbran Billboard; thinking of Salâmmbo. Robin Hood. The old prospector with his flapjack in the air.,suicidal
 I sit with my hands folded: I am good. That night as I lie crossways in an armchair Reading Amazing Stories (just as. long before. I'd lie by my rich uncle's polar bear On his domed library's reflecting floor,suicidal
 Horse the color of rust. Hooves. dolorous bells-- All morning the Morning has been blackening. A flower left out.,suicidal
 In the last year of the first World War. and see A poor two-seater being attacked by four Triplanes. on the cover of the Literary Digest. and a Camel coming to its aid; I'd feel the bear's fur warm and rough against me.,suicidal
 The colors of the afternoon would fade. I'd reach into the bear's mouth and hold tight To its front tooth and think. "I'm not afraid") There off Sunset. in the lamplit starlight. A scientist is getting ready to destroy,suicidal
 The world. "It's time for you to say good night." Mama tells me; I go on in breathless joy. "Remember. tomorrow is a school day." Mama tells me; I go on in breathless joy. At last I go to Mama in her gray,suicidal
 Silk. to Pop. to Dandeen in her black Silk. I put my arms around them. they Put their arms around me. Then I go back To my bedroom; I read as I undress. The scientist is ready to attack.,suicidal
 Mama calls. "Is your light out?" I call back. "Yes." And turn the light out. Forced out of life into Bed. for a moment I lie comfortless In the blank darkness; then as I always do. I put on the earphones of the crystal set—,suicidal
 Each bed has its earphones—and the uneasy tissue Of their far-off star-sound. of the blue-violet Of space. surrounds the sweet voice from the Tabernacle Of the Four-Square Gospel. A vague marionette. Tall. auburn. holds her arms out. to unshackle,suicidal
 The bonds of sin. of sleep—as. next instant. the sun Holds its arms out through the fig. the lemon tree. In the back yard the clucking hens all cackle As Mama brings their chicken feed. I see My magazine. My magazine! Dressing for school.,suicidal
 I read how the good world wins its victory Over that bad man. Books; book strap; jump the footstool You made in Manual Training . . . Then we three Sit down. and one says grace; and then. by rule. By that habit that moves the stars. some coffee—,suicidal
 One spoonful—is poured out into my milk And the milk. transubstantiated. is coffee. And Mama's weekday wash-dress. Dandeen's soft black silk Are ways that habit itself makes holy Just as. on Sunday mornings. Wednesday nights. His will,suicidal
 Comes in their ways—of Church. of Prayer Meeting—to set free The spirit from the flesh it questions. So. So unquestioned. my own habit moves me To and through and from school. like a domino.,suicidal
 My bones hold a stillness. the far Fields melt my heart. They threaten To let me through to a heaven Starless and fatherless. a dark water.,suicidal
 Till. home. I wake to find that I am playing Dominoes with Dandeen. Her old face is slow In pleasure. slow in doubt. as she sits weighing Strategies: patient. equable. and humble. She hears what this last child of hers is saying,suicidal
 In pride or bewilderment; and she will grumble Like a child or animal when. indifferent To the reasons of my better self. I mumble: "I'd better stop now—the rabbit . . ." I relent,suicidal
 And play her one more game. It is miraculous To have a great-grandmother: I feel different From others as. between moves. we discuss The War Between the States. The cheerful troops Ride up to our farmhouse. steal from us,suicidal
 The spoons. the horses—when their captain stoops To Dandeen and puts Dandeen on his horse. She cries . . . As I run by the chicken coops With lettuce for my rabbit. real remorse Hurts me. here. now: the little girl is crying,suicidal
 Because I didn't write. Because— of course. I was a child. I missed them so. But justifying Hurts too: if only I could play you one more game. See you all one more time! I think of you dying,suicidal
 Forgiving me—or not. it is all the same To the forgiven . . . My rabbit's glad to see me; He scrambles to me. gives me little tame Bites before he eats the lettuce. His furry Long warm soft floppy ears. his crinkling nose,suicidal
 Are reassuring to a child. They guarantee. As so much here does. that the child knows Who takes care of him. whom he takes care of. Mama comes out and takes in the clothes From the clothesline. She looks with righteous love,suicidal
 At all of us. her spare face half a girl's. She enters a chicken coop. and the hens shove And flap and squawk. in fear; the whole flock whirls Into the farthest corner. She chooses one. Comes out. and wrings its neck. The body hurls,suicidal
 Itself out—lunging. reeling. it begins to run Away from Something. to fly away from Something In great flopping circles. Mama stands like a nun In the center of each awful. anguished ring. The thudding and scrambling go on. go on—then they fade.,suicidal
 I open my eyes. it's over . . . Could such a thing Happen to anything ? It could to a rabbit. I'm afraid; It could to— "Mama. you won't kill Reddy ever. You won't ever. will you?" The farm woman tries to persuade,suicidal
 The woman is perfected. Her dead Body wears the smile of accomplishment. The illusion of a Greek necessity Flows in the scrolls of her toga.,suicidal
 The little boy. her grandson. that she'd never Kill the boy's rabbit. never even think of it. He would like to believe her . . . And whenever I see her. there in that dark infinite. Standing like Judith. with the hen's head in her hand.,suicidal
 I explain it away. in vain—a hypocrite. Like all who love. Into the blue wonderland Of Hollywood. the sun sinks. past the eucalyptus. The sphinx. the windmill. and I watch and read and,suicidal
 Hold my story tight. And when the bus Stops at the corner and Pop—Pop!—steps down And I run out to meet him. a blurred nimbus. Half-red. half-gold. enchants his sober brown Face. his stooped shoulders. into the All-Father's.,suicidal
 He tells me about the work he's done downtown. We sit there on the steps. My universe Mended almost. I tell him about the scientist. I say. "He couldn't really. could he. Pop ?" My comforter's Eyes light up. and he laughs. "No. that's just play.,suicidal
 Just make-believe." he says. The sky is gray. We sit there. at the end of our good day.,suicidal
 The bell-rope that gathers God at dawn Dispatches me as though I dropped down the knell Of a spent day - to wander the cathedral lawn From pit to crucifix. feet chill on steps from hell. Have you not heard. have you not seen that corps,suicidal
 Of shadows in the tower. whose shoulders sway Antiphonal carillons launched before The stars are caught and hived in the sun's ray? The bells. I say. the bells break down their tower; And swing I know not where. Their tongues engrave,suicidal
 Membrane through marrow. my long-scattered score Of broken intervals… And I. their sexton slave! Oval encyclicals in canyons heaping The impasse high with choir. Banked voices slain! Pagodas campaniles with reveilles out leaping-,suicidal
 O terraced echoes prostrate on the plain!… And so it was I entered the broken world To trace the visionary company of love. its voice An instant in the wind (I know not whither hurled) But not for long to hold each desperate choice.,suicidal
 My world I poured. But was it cognate. scored Of that tribunal monarch of the air Whose thighs embronzes earth. strikes crystal Word In wounds pledges once to hope - cleft to despair? The steep encroachments of my blood left me,suicidal
 Her bare Feet seem to be saying: We have come so far. it is over. Each dead child coiled. a white serpent. One at each little,suicidal
 No answer (could blood hold such a lofty tower As flings the question true?) -or is it she Whose sweet mortality stirs latent power?- And through whose pulse I hear. counting the strokes My veins recall and add. revived and sure,suicidal
 The angelus of wars my chest evokes: What I hold healed. original now. and pure… And builds. within. a tower that is not stone (Not stone can jacket heaven) - but slip Of pebbles. - visible wings of silence sown,suicidal
 In azure circles. widening as they dip The matrix of the heart. lift down the eyes That shrines the quiet lake and swells a tower… The commodious. tall decorum of that sky Unseals her earth. and lifts love in its shower.,suicidal
 Goodbye my friend. goodbye my dear. you are forever in my heart. Predestined farewell that is near promises a reunion to those who part. Goodbye my friend. without hand or word.,suicidal
 and don’t let sadness furrow your brow. in this life dying is not a thing unheard nor is living any newer show.,suicidal
 C’mon. Jim. give me your paw for good luck. Never have I seen such a paw. Let’s go out into silent. still nature And bark under the moon. C’mon. Jim. give me your paw for good luck.,suicidal
 Please. my dear. stop licking me. At least heed my simple words. You don’t even know what life is all about. And you don’t know that living is worthwhile. Your master is kind and well-known.,suicidal
 And many guests visit him at home. And each of them. smiling. tries Petting you along your velvety coat. For a dog. you’re devilishly handsome. With such a kind and gullible charm.,suicidal
 And like a drunk friend. never asking first. You cover us in kisses. My dear Jim. amongst your guests. There are so many different types. But was there ever one who happened to drop in.,suicidal
 She who was more silent and sullen than all the rest? She will come. I assure you of that. And in my absence. while staring up into her eyes. Gently lick her hand for me. for all that I have done wrong. And all that I have not done.,suicidal
 Pitcher of milk. now empty. She has folded Them back into her body as petals Of a rose close when the garden Stiffens and odors bleed,suicidal
 My friend. my friend. How sick I am. Nor do I know Whence came this sickness. Either the wind whistles Over the desolate unpeopled field.,suicidal
 Or as September strips a copse. Alcohol strips my brain. My head waves my ears Like a bird its wings. Unendurably it looms my neck,suicidal
 When I walk. The black man. The black. black. Black man Sits by me on the bed all night.,suicidal
 Won't let me sleep. This black man Runs his fingers over a vile book. And. twangling above me. Like a sleepy monk over a corpse.,suicidal
 Reads a life Of some drunken wretch. Filling my heart with longing and despair. The black man. Oh black man.,suicidal
 "Listen. listen"-- He mutters to me -- The book is full of beautiful Plans and resolutions. This fellow lived,suicidal
 His life in a land of most repulsive Thieves and charlatans. And in that land the December snow Is pure as the very devil. And the snowstorms drive,suicidal
 Merry spinning-wheels. This man was an adventurer. Though of the highest And the best quality. Oh. he was elegant.,suicidal
 And the poet at that. Albeit of a slight But useful gift. And some woman. Of forty or so.,suicidal
 He called his "naughty girl." His "love." Happiness--he said-- Is a quickness of hand and mind. Slow fools are always,suicidal
 From the sweet. deep throats of the night flower. The moon has nothing to be sad about. Staring from her hood of bone. She is used to this sort of thing. Her blacks crackle and drag.,suicidal
 Known for being unhappy. heartaches. we know. Derive From broken. lying gestures. At thunder and tempest.,suicidal
 At the world's coldheartedness. During times of heavy loss And when you're sad The greatest art on earth Is to seem uncomplicatedly gay.,suicidal
 "Black man! Don't you dare! You do not live as A deep-sea diver. What's the life,suicidal
 Of a scandalous poet to me? Please read this story To someone else." The black man Looks me straight in the eye,suicidal
 And his eyes are filmed With blue vomit-- As if he wanted to say. I'm a thief and rogue Who'd robbed a man,suicidal
 Openly. without shame. Ah friend. my friend. How sick I am. Now do I know Whence came this sickness. Either the wind whistles,suicidal
 Over the desolate unpeopled field. Or as September strips a copse. Alcohol strips my brain. The night is freezing Still peace at the crossroads.,suicidal
 I am alone at the window. Expecting neither visitor nor friend. The whole plain is covered With soft quick-lime. And the trees. like riders.,suicidal
 Assembled in our garden. Somewhere a night bird. Ill-omened. is sobbing. The wooden riders Scatter hoofbeats.,suicidal
 And again the black Man is sitting in my chair. He lifts his top hat And. casual. takes off his cape. "Listen! listen!"--he croaks.,suicidal
 Since Christmas they have lived with us. Guileless and clear. Oval soul-animals. Taking up half the space. Moving and rubbing on the silk,suicidal
 Eyes on my face. Leaning closer and closer. I never saw Any scoundrel Suffer so stupidly. pointlessly.,suicidal
 From insomnia. Well. I could be wrong. There is a moon tonight. What else is needed By your sleep-drunken world?,suicidal
 Perhaps. "She" will come. With her fat thighs. In secret. and you'll read Your languid. carrion Verse to her.,suicidal
 Ah. how I love these poets! A funny race! I always find in them A story known to my heart-- How a long-haired monster,suicidal
 Profusing sexual languor Tells of worlds To a pimply girl-student. I don't know. don't remember. In some village.,suicidal
 Kaluga perhaps. or Maybe Ryazan. There lived a boy Of simple peasant stock. Blond-haired,suicidal
 And angel-eyed... And he grew up. Grew up into a poet Of slight but Useful talent.,suicidal
 And some woman. Of forty or so. He called his "naughty girl." His "love." "Black man!,suicidal
 Most odious guest! Your fame has long resounded." I'm enraged. possessed. Amd my cane flies Straight across,suicidal
 The bridge of his nose. The moon has died. Dawn glimmers in the window. Ah. night! What. night. what have you ruined?,suicidal
 Your clear eye is the one absolutely beautiful thing. I want to fill it with color and ducks. The zoo of the new Whose name you meditate -- April snowdrop. Indian pipe.,suicidal
 Invisible air drifts. Giving a shriek and pop When attacked. then scooting to rest. barely trembling. Yellow cathead. blue fish--- Such queer moons we live with,suicidal
 I stand top-hatted. No one is with me. I am alone... And the mirror is broken.,suicidal
 Still around. old dear? How are you keeping? I too am around. Hello to you! May that magic twilight ever be streaming Over your cottage as it used to do. People write how sad you are. and anxious,suicidal
 For my sake. though you won’t tell them so. And that you in your old-fashioned jacket Out onto the highroad often go. That you often see in the blue shadows Ever one dream. giving you no rest:,suicidal
 Someone in a drunken tavern scuffle Sticks a bandit knife into my chest. Don’t go eating your heart out with worry. It’s just crazy nonsense and a lie. I may drink hard. but I promise. mother.,suicidal
 I shall see you first before I die. I love you as always and I’m yearning In my thoughts for just one thing alone. Soon to ease my heartache by returning To our humble low-roofed country home.,suicidal
 I’ll return when decked in white the branches In our orchard are with spring aglow. But no longer wake me up at sunrise. As you used to do eight years ago. Do not waken dreams no longer precious.,suicidal
 Hope never fulfilled do not excite.,suicidal
 I felt the world a-spinning on its nave. I felt it sheering blindly round the sun; I felt the time had come to find a grave: I knew it in my heart my days were done. I took my staff in hand; I took the road.,suicidal
 And wandered out to seek my last abode. Hearts of gold and hearts of lead Sing it yet in sun and rain. ‘Heel and toe from dawn to dusk. Round the world and home again.’,suicidal
 O long before the bere was steeped for malt. And long before the grape was crushed for wine. The glory of the march without a halt. The triumph of a stride like yours and mine Was known to folk like us. who walked about.,suicidal
 Instead of dead furniture! Straw mats. white walls And these traveling Globes of thin air. red. green. Delighting,suicidal
 To be the sprightliest cordial out and out! Folk like us. with hearts that beat. Sang it too in sun and rain – ‘Heel and toe from dawn to dusk. Round the world and home again.’,suicidal
 My feet are heavy now. but on I go. My head erect beneath the tragic years. The way is steep. but I would have it so; And dusty. but I lay the dust with tears. Though none can see me weep: alone I climb,suicidal
 The rugged path that leads me out of time – Out of time and out of all. Singing yet in sun and rain. ‘Heel and toe from dawn to dusk. Round the world and home again.’,suicidal
 Farewell the hope that mocked. farewell despair That went before me still and made the pace. The earth is full of graves. and mine was there Before my life began. my resting-place; And I shall find it out and with the dead,suicidal
 Lie down for ever. all my sayings said – Deeds all done and songs all sung. While others chant in sun and rain. ‘Heel and toe from dawn to dusk. Round the world and home again.’,suicidal
 Death will come and she'll have your eyes – This death which escorts us From dawn till dusk. sleepless. Deaf. like an ancient regret Or an absurd habit. Your eyes,suicidal
 Will be an empty word. A stifled scream. a silence. Thus you see them every morning When you fold yourself Into the mirror. O dear hope.,suicidal
 That day. we too will know That you are life and you are nothing. Death has a look for everyone. Death will come and she'll have your eyes. It will be like quitting a habit.,suicidal
 Like seeing a dead face Re-emerge from a mirror. Like listening to a closed lip We will descend into the gorge. soundless.,suicidal
 She stands there before me. a lean. unsmiling girl. watching me. And those great transparent eyes have seen other things. They still see them. They are those things. Wild berry and wild beast are in her eyes. and the howling. the death. the cruel turning,suicidal
 The heart like wishes or free Peacocks blessing Old ground with a feather Beaten in starry metals. Your small,suicidal
 of the flesh to stone. I know the spilled blood. the torn flesh. the voracious earth. and solitude. For her. the wild one. it is all solitude. For her the wild animal is solitude. Her caresses are like the caresses one gives a dog or a tree. But. stranger. she looks at,suicidal
 me. looks at me - a lean girl in a short tunic. like a girl from your own village.,suicidal
 Brother is making His balloon squeak like a cat. Seeming to see A funny pink world he might eat on the other side of it. He bites.,suicidal
 Then sits Back. fat jug Contemplating a world clear as water. A red Shred in his little fist.,suicidal
 ROWING A story. a story! (Let it go. Let it come.) I was stamped out like a Plymouth fender into this world.,suicidal
 First came the crib with it’s glacial bars. Then dolls and the devotion to their plastic mouths. Then there was school.,suicidal
 the little straight rows of chairs. blotting my name over and over. but undersea all the time. a stranger whose elbows wouldn’t work. Then there was life,suicidal
 with it’s cruel houses and people who seldom touched – though touch is all – but I grew. like a pig in a trenchcoat I grew.,suicidal
 and then there were many strange apparitions. the nagging rain. the sun turning into poison and all of that. saws working through my heart. but I grew. I grew. and God was there like an island I had not rowed to.,suicidal
 Little Stalk without wrinkle. Pool in which images Should be grand and classical Not this troublous,suicidal
 still ignorant of Him. my arms and my legs worked. and I grew. I grew. I wore rubies and bought tomatoes and now. in my middle age. about nineteen in the head I’d say.,suicidal
 I am rowing. I am rowing though the oarlocks stick and are rusty and the sea blinks and rolls like a worried eyeball. but I am rowing. I am rowing.,suicidal
 though the wind pushes me back and I know that that island will not be perfect. it will have the flaws of life. the absurdities of the dinner table. but there will be a door,suicidal
 and I will open it and I will get rid of the rat inside of me. the gnawing pestilential rat. God will take it with his two hands and embrace it.,suicidal
 As the African says: This is my tale which I have told. if it be sweet. if it be not sweet. take somewhere else and let some return to me. This story ends with me still rowing.,suicidal
 I’m mooring my rowboat at the dock of the island called God. This dock is made in the shape of a fish and there are many boats moored at many different docks.,suicidal
 “It’s okay.” I say to myself. with blisters that broke and healed and broke and healed – saving themselves over and over. And salt sticking to my face and arms like,suicidal
 a glue-skin pocked with grains of tapioca. I empty myself from my wooden boat and onto the flesh of The Island. “On with it!” He says and thus we squat on the rocks by the sea,suicidal
 and play – can it be true – a game of poker. He calls me. I win because I hold a royal straight flush. He wins because He holds five aces.,suicidal
 A wild card had been announced but I had not heard it being in such a state of awe when He took out the cards and dealt. As he plunks down His five aces,suicidal
 Wringing of hands. this dark Ceiling without a star.,suicidal
 and I am still grinning at my royal flush. He starts to laugh. and laughter rolling like a hoop out of His mouth and into mine. and such laughter that He doubles right over me,suicidal
 laughing a Rejoice-Chorus at our two triumphs. Then I laugh. the fishy dock laughs the sea laughs. The Island laughs. The Absurd laughs. Dearest dealer.,suicidal
 I with my royal straight flush. love you so for your wild card. that untamable. eternal. gut-driven ha-ha and lucky love.,suicidal
 “and God was there like an island I had not rowed to. still ignorant of Him. my arms. and my legs worked. and I grew. I grew. I wore rubies and bought tomatoes and now. in my middle age.,suicidal
 about nineteen in the head I'd say. I am rowing. I am rowing though the oarlocks stick and are rusty and the sea blinks and rolls like a worried eyebal.,suicidal
 but I am rowing. I am rowing. though the wind pushes me back and I know that that island will not be perfect. it will have the flaws of life. the absurdities of the dinner table.,suicidal
 but there will be a door and I will open it and I will get rid of the rat insdie me. the gnawing pestilential rat. God will take it with his two hands,suicidal
 and embrace it”,suicidal
 “The windows. the starving windows that drive the trees like nails into my heart.”,suicidal
 “If I could blame it on all the mothers and fathers of the world. they of the lessons. the pellets of power. they of the love surrounding you like batter ... Blame it on God perhaps?,suicidal
 The womb Rattles its pod. the moon Discharges itself from the tree with nowhere to go. My landscape is a hand with no lines. The roads bunched to a knot.,suicidal
 He of the first opening that pushed us all into our first mistakes? No. I'll blame it on Man For Man is God and man is eating the earth up,suicidal
 like a candy bar and not one of them can be left alone with the ocean for it is known he will gulp it all down. The stars (possibly) are safe. At least for the moment.,suicidal
 The stars are pears that no one can reach. even for a wedding. Perhaps for a death.”,suicidal
 “God went out of me as if the sea dried up like sandpaper. as if the sun became a latrine. God went out of my fingers. They became stone.,suicidal
 My body became a side of mutton and despair roamed the slaughterhouse.”,suicidal
 “Maybe I am becoming a hermit. opening the door for only a few special animals? Maybe my skull is too crowded and it has no opening through which,suicidal
 The knot myself. Myself the rose you acheive--- This body. This ivory Ungodly as a child's shriek.,suicidal
 Spiderlike. I spin mirrors. Loyal to my image. Uttering nothing but blood--- Taste it. dark red! And my forest,suicidal
 That is one line in a long tragic play That has been acted many times before. And acted best when not a single tear Falls.- when the mind and not the heart holds sway.,suicidal
 Past one o’clock you're probably in bed The Milky Way is like Oka of silver No need for me to rush I have no reasons left to stir you with the lightnings of my cable fever And so they say the incident dissolved*,suicidal
 the love boat smashed up on the dreary routine We’re even there’s no use in keeping the score of mutual hurts affliction and spleen Look here the world exudes an eerie calm The night demands tribute in constellations,suicidal
 in hours like these I’d like to be the one with ages history and the creation,suicidal
 My most respected comrades of posterity! Rummaging among these days’ petrified crap.,suicidal
 exploring the twilight of our times. you. possibly. will inquire about me too. And. possibly. your scholars,suicidal
 My funeral. And this hill and this Gleaming with the mouths of corpses.,suicidal
 will declare. with their erudition overwhelming a swarm of problems; once there lived a certain champion of boiled water.,suicidal
 and inveterate enemy of raw water. Professor. take off your bicycle glasses! I myself will expound those times,suicidal
 and myself. I. a latrine cleaner and water carrier. by the revolution mobilized and drafted.,suicidal
 went off to the front from the aristocratic gardens of poetry - the capricious wench She planted a delicious garden.,suicidal
 the daughter. cottage. pond and meadow. Myself a garden I did plant.,suicidal
 myself with water sprinkled it. some pour their verse from water cans; others spit water from their mouth - the curly Macks.,suicidal
 the clever jacks - but what the hell’s it all about! There’s no damming al this up - beneath the walls they mandoline: “Tara-tina. tara-tine.,suicidal
 tw-a-n-g...” It’s no great honor. then. for my monuments to rise from such roses above the public squares.,suicidal
 where consumption coughs. where whores. hooligans and syphilis walk. Agitprop sticks,suicidal
 in my teeth too. and I’d rather compose romances for you - more profit in it,suicidal
